image,scab,healthy,frog_eye_leaf_spot,complex,rust,powdery_mildew
gaus_images/gaus_frog_eye_leaf_spot_3320.png,1,0,1,0,0,0
gaus_images/gaus_frog_eye_leaf_spot_7525.png,0,0,1,1,0,0
gaus_images/gaus_frog_eye_leaf_spot_4790.png,0,0,1,0,0,0
gaus_images/gaus_frog_eye_leaf_spot_10332.png,0,0,1,0,0,0
gaus_images/gaus_frog_eye_leaf_spot_14733.png,0,0,1,0,0,0
gaus_images/gaus_frog_eye_leaf_spot_39.png,0,0,1,0,1,0
gaus_images/gaus_frog_eye_leaf_spot_4090.png,0,0,1,0,0,0
gaus_images/gaus_frog_eye_leaf_spot_11783.png,1,0,1,1,0,0
gaus_images/gaus_frog_eye_leaf_spot_14196.png,0,0,1,0,0,0
gaus_images/gaus_frog_eye_leaf_spot_10935.png,1,0,1,0,0,0
gaus_images/gaus_frog_eye_leaf_spot_6629.png,0,0,1,0,0,0
gaus_images/gaus_frog_eye_leaf_spot_5934.png,1,0,1,1,0,0
gaus_images/gaus_frog_eye_leaf_spot_4802.png,0,0,1,1,0,0
gaus_images/gaus_frog_eye_leaf_spot_6011.png,0,0,1,0,0,0
gaus_images/gaus_frog_eye_leaf_spot_13851.png,0,0,1,0,0,0
gaus_images/gaus_frog_eye_leaf_spot_5185.png,0,0,1,0,0,0
gaus_images/gaus_frog_eye_leaf_spot_601.png,1,0,1,0,0,0
gaus_images/gaus_frog_eye_leaf_spot_9887.png,0,0,1,0,0,0
gaus_images/gaus_frog_eye_leaf_spot_4375.png,0,0,1,1,0,0
gaus_images/gaus_frog_eye_leaf_spot_8509.png,0,0,1,0,0,0
gaus_images/gaus_frog_eye_leaf_spot_6351.png,1,0,1,1,0,0
gaus_images/gaus_frog_eye_leaf_spot_249.png,0,0,1,0,0,0
gaus_images/gaus_frog_eye_leaf_spot_10532.png,0,0,1,0,0,0
gaus_images/gaus_frog_eye_leaf_spot_3160.png,0,0,1,0,0,0
gaus_images/gaus_frog_eye_leaf_spot_6693.png,0,0,1,0,0,0
gaus_images/gaus_frog_eye_leaf_spot_14324.png,0,0,1,1,0,0
gaus_images/gaus_frog_eye_leaf_spot_13895.png,0,0,1,0,0,0
gaus_images/gaus_frog_eye_leaf_spot_2594.png,1,0,1,0,0,0
gaus_images/gaus_frog_eye_leaf_spot_13674.png,0,0,1,0,0,0
gaus_images/gaus_frog_eye_leaf_spot_6857.png,0,0,1,0,0,0
gaus_images/gaus_frog_eye_leaf_spot_12899.png,0,0,1,0,1,0
gaus_images/gaus_frog_eye_leaf_spot_1849.png,0,0,1,0,0,0
gaus_images/gaus_frog_eye_leaf_spot_12248.png,0,0,1,0,0,0
gaus_images/gaus_frog_eye_leaf_spot_14694.png,1,0,1,0,0,0
gaus_images/gaus_frog_eye_leaf_spot_10224.png,0,0,1,0,0,0
gaus_images/gaus_frog_eye_leaf_spot_14661.png,0,0,1,0,0,0
gaus_images/gaus_frog_eye_leaf_spot_14800.png,0,0,1,0,0,0
gaus_images/gaus_frog_eye_leaf_spot_2475.png,0,0,1,0,0,0
gaus_images/gaus_frog_eye_leaf_spot_13487.png,0,0,1,0,0,0
gaus_images/gaus_frog_eye_leaf_spot_13380.png,0,0,1,0,0,0
gaus_images/gaus_frog_eye_leaf_spot_2195.png,0,0,1,0,0,0
gaus_images/gaus_frog_eye_leaf_spot_1494.png,0,0,1,0,0,0
gaus_images/gaus_frog_eye_leaf_spot_1235.png,0,0,1,0,0,0
gaus_images/gaus_frog_eye_leaf_spot_1908.png,1,0,1,0,0,0
gaus_images/gaus_frog_eye_leaf_spot_5105.png,0,0,1,0,0,0
gaus_images/gaus_frog_eye_leaf_spot_10004.png,1,0,1,0,0,0
gaus_images/gaus_frog_eye_leaf_spot_12181.png,0,0,1,0,0,0
gaus_images/gaus_frog_eye_leaf_spot_1223.png,0,0,1,0,0,0
gaus_images/gaus_frog_eye_leaf_spot_6663.png,0,0,1,0,0,0
gaus_images/gaus_frog_eye_leaf_spot_11826.png,0,0,1,1,0,0
gaus_images/gaus_frog_eye_leaf_spot_6380.png,0,0,1,0,0,0
gaus_images/gaus_frog_eye_leaf_spot_5480.png,1,0,1,0,0,0
gaus_images/gaus_frog_eye_leaf_spot_4168.png,0,0,1,0,0,0
gaus_images/gaus_frog_eye_leaf_spot_3987.png,0,0,1,0,0,0
gaus_images/gaus_frog_eye_leaf_spot_6019.png,0,0,1,0,0,0
gaus_images/gaus_frog_eye_leaf_spot_9474.png,0,0,1,0,1,0
gaus_images/gaus_frog_eye_leaf_spot_5110.png,1,0,1,1,0,0
gaus_images/gaus_frog_eye_leaf_spot_11692.png,0,0,1,0,0,0
gaus_images/gaus_frog_eye_leaf_spot_8176.png,0,0,1,0,0,0
gaus_images/gaus_frog_eye_leaf_spot_12234.png,0,0,1,1,0,0
gaus_images/gaus_frog_eye_leaf_spot_919.png,1,0,1,0,0,0
gaus_images/gaus_frog_eye_leaf_spot_7291.png,1,0,1,0,0,0
gaus_images/gaus_frog_eye_leaf_spot_10117.png,1,0,1,0,0,0
gaus_images/gaus_frog_eye_leaf_spot_11267.png,0,0,1,0,0,0
gaus_images/gaus_frog_eye_leaf_spot_6931.png,1,0,1,0,0,0
gaus_images/gaus_frog_eye_leaf_spot_1820.png,1,0,1,1,0,0
gaus_images/gaus_frog_eye_leaf_spot_2142.png,0,0,1,0,0,0
gaus_images/gaus_frog_eye_leaf_spot_7978.png,0,0,1,1,0,0
gaus_images/gaus_frog_eye_leaf_spot_9899.png,0,0,1,0,0,0
gaus_images/gaus_frog_eye_leaf_spot_6735.png,1,0,1,1,0,0
gaus_images/gaus_frog_eye_leaf_spot_8332.png,0,0,1,0,0,0
gaus_images/gaus_frog_eye_leaf_spot_11161.png,0,0,1,0,0,0
gaus_images/gaus_frog_eye_leaf_spot_9864.png,0,0,1,0,0,0
gaus_images/gaus_frog_eye_leaf_spot_6071.png,0,0,1,0,0,0
gaus_images/gaus_frog_eye_leaf_spot_4036.png,0,0,1,0,0,0
gaus_images/gaus_frog_eye_leaf_spot_1823.png,0,0,1,0,0,0
gaus_images/gaus_frog_eye_leaf_spot_14166.png,1,0,1,0,0,0
gaus_images/gaus_frog_eye_leaf_spot_12676.png,0,0,1,0,0,0
gaus_images/gaus_frog_eye_leaf_spot_8852.png,1,0,1,0,0,0
gaus_images/gaus_frog_eye_leaf_spot_8250.png,0,0,1,0,0,0
gaus_images/gaus_frog_eye_leaf_spot_6679.png,0,0,1,0,0,0
gaus_images/gaus_frog_eye_leaf_spot_13089.png,1,0,1,0,0,0
gaus_images/gaus_frog_eye_leaf_spot_14195.png,0,0,1,0,0,0
gaus_images/gaus_frog_eye_leaf_spot_809.png,1,0,1,0,0,0
gaus_images/gaus_frog_eye_leaf_spot_7930.png,0,0,1,0,0,0
gaus_images/gaus_frog_eye_leaf_spot_5403.png,0,0,1,0,0,0
gaus_images/gaus_frog_eye_leaf_spot_11749.png,0,0,1,0,0,0
gaus_images/gaus_frog_eye_leaf_spot_8943.png,1,0,1,0,0,0
gaus_images/gaus_frog_eye_leaf_spot_4284.png,0,0,1,0,0,0
gaus_images/gaus_frog_eye_leaf_spot_7188.png,1,0,1,0,0,0
gaus_images/gaus_frog_eye_leaf_spot_1102.png,1,0,1,0,0,0
gaus_images/gaus_frog_eye_leaf_spot_11549.png,0,0,1,0,0,0
gaus_images/gaus_frog_eye_leaf_spot_1274.png,0,0,1,0,0,0
gaus_images/gaus_frog_eye_leaf_spot_12820.png,0,0,1,0,0,0
gaus_images/gaus_frog_eye_leaf_spot_5811.png,0,0,1,0,0,0
gaus_images/gaus_frog_eye_leaf_spot_8604.png,0,0,1,0,0,0
gaus_images/gaus_frog_eye_leaf_spot_447.png,1,0,1,0,0,0
gaus_images/gaus_frog_eye_leaf_spot_10756.png,0,0,1,0,0,0
gaus_images/gaus_frog_eye_leaf_spot_294.png,0,0,1,0,0,0
gaus_images/gaus_frog_eye_leaf_spot_12864.png,0,0,1,0,0,0
gaus_images/gaus_frog_eye_leaf_spot_8495.png,0,0,1,0,0,0
gaus_images/gaus_frog_eye_leaf_spot_14644.png,1,0,1,0,0,0
gaus_images/gaus_frog_eye_leaf_spot_9346.png,1,0,1,0,0,0
gaus_images/gaus_frog_eye_leaf_spot_10514.png,1,0,1,0,0,0
gaus_images/gaus_frog_eye_leaf_spot_7244.png,0,0,1,0,0,0
gaus_images/gaus_frog_eye_leaf_spot_2316.png,1,0,1,1,0,0
gaus_images/gaus_frog_eye_leaf_spot_13382.png,0,0,1,0,0,0
gaus_images/gaus_frog_eye_leaf_spot_9617.png,0,0,1,0,0,0
gaus_images/gaus_frog_eye_leaf_spot_5508.png,0,0,1,0,0,0
gaus_images/gaus_frog_eye_leaf_spot_9877.png,0,0,1,1,0,0
gaus_images/gaus_frog_eye_leaf_spot_9244.png,1,0,1,0,0,0
gaus_images/gaus_frog_eye_leaf_spot_13281.png,0,0,1,0,0,0
gaus_images/gaus_frog_eye_leaf_spot_3848.png,1,0,1,0,0,0
gaus_images/gaus_frog_eye_leaf_spot_8640.png,0,0,1,0,0,0
gaus_images/gaus_frog_eye_leaf_spot_1007.png,0,0,1,1,0,0
gaus_images/gaus_frog_eye_leaf_spot_4890.png,0,0,1,0,0,0
gaus_images/gaus_frog_eye_leaf_spot_3300.png,0,0,1,0,0,0
gaus_images/gaus_frog_eye_leaf_spot_14784.png,0,0,1,0,0,0
gaus_images/gaus_frog_eye_leaf_spot_6519.png,0,0,1,0,0,0
gaus_images/gaus_frog_eye_leaf_spot_3607.png,0,0,1,0,0,0
gaus_images/gaus_frog_eye_leaf_spot_13126.png,0,0,1,0,0,0
gaus_images/gaus_frog_eye_leaf_spot_9707.png,0,0,1,0,0,0
gaus_images/gaus_frog_eye_leaf_spot_10763.png,0,0,1,0,0,0
gaus_images/gaus_frog_eye_leaf_spot_10818.png,0,0,1,0,0,0
gaus_images/gaus_frog_eye_leaf_spot_1579.png,0,0,1,0,0,0
gaus_images/gaus_frog_eye_leaf_spot_8771.png,0,0,1,0,0,0
gaus_images/gaus_frog_eye_leaf_spot_8023.png,1,0,1,0,0,0
gaus_images/gaus_frog_eye_leaf_spot_3753.png,1,0,1,0,0,0
gaus_images/gaus_frog_eye_leaf_spot_2361.png,1,0,1,0,0,0
gaus_images/gaus_frog_eye_leaf_spot_8037.png,0,0,1,0,0,0
gaus_images/gaus_frog_eye_leaf_spot_4072.png,0,0,1,0,0,0
gaus_images/gaus_frog_eye_leaf_spot_1367.png,0,0,1,0,0,0
gaus_images/gaus_frog_eye_leaf_spot_3627.png,0,0,1,0,0,0
gaus_images/gaus_frog_eye_leaf_spot_4335.png,0,0,1,0,0,0
gaus_images/gaus_frog_eye_leaf_spot_10118.png,0,0,1,1,0,0
gaus_images/gaus_frog_eye_leaf_spot_21.png,0,0,1,0,0,0
gaus_images/gaus_frog_eye_leaf_spot_3625.png,1,0,1,0,0,0
gaus_images/gaus_frog_eye_leaf_spot_3221.png,0,0,1,0,0,0
gaus_images/gaus_frog_eye_leaf_spot_4631.png,0,0,1,0,0,0
gaus_images/gaus_frog_eye_leaf_spot_9712.png,0,0,1,0,0,0
gaus_images/gaus_frog_eye_leaf_spot_470.png,0,0,1,0,0,0
gaus_images/gaus_frog_eye_leaf_spot_8268.png,0,0,1,0,0,0
gaus_images/gaus_frog_eye_leaf_spot_2016.png,0,0,1,0,0,0
gaus_images/gaus_frog_eye_leaf_spot_1851.png,0,0,1,0,0,0
gaus_images/gaus_frog_eye_leaf_spot_9908.png,0,0,1,0,0,0
gaus_images/gaus_frog_eye_leaf_spot_2379.png,0,0,1,0,0,0
gaus_images/gaus_frog_eye_leaf_spot_4916.png,0,0,1,0,0,0
gaus_images/gaus_frog_eye_leaf_spot_6227.png,0,0,1,0,0,0
gaus_images/gaus_frog_eye_leaf_spot_10297.png,0,0,1,0,0,0
gaus_images/gaus_frog_eye_leaf_spot_4651.png,0,0,1,0,0,0
gaus_images/gaus_frog_eye_leaf_spot_9247.png,0,0,1,0,0,0
gaus_images/gaus_frog_eye_leaf_spot_768.png,0,0,1,0,0,0
gaus_images/gaus_frog_eye_leaf_spot_13000.png,0,0,1,0,0,0
gaus_images/gaus_frog_eye_leaf_spot_6244.png,0,0,1,0,0,0
gaus_images/gaus_frog_eye_leaf_spot_5474.png,0,0,1,0,0,0
gaus_images/gaus_frog_eye_leaf_spot_7190.png,0,0,1,0,0,0
gaus_images/gaus_healthy_2625.png,0,1,0,0,0,0
gaus_images/gaus_healthy_3779.png,0,1,0,0,0,0
gaus_images/gaus_healthy_11474.png,0,1,0,0,0,0
gaus_images/gaus_healthy_10229.png,0,1,0,0,0,0
gaus_images/gaus_healthy_10683.png,0,1,0,0,0,0
gaus_images/gaus_healthy_3925.png,0,1,0,0,0,0
gaus_images/gaus_healthy_14189.png,0,1,0,0,0,0
gaus_images/gaus_healthy_13597.png,0,1,0,0,0,0
gaus_images/gaus_healthy_3326.png,0,1,0,0,0,0
gaus_images/gaus_healthy_5836.png,0,1,0,0,0,0
gaus_images/gaus_healthy_1109.png,0,1,0,0,0,0
gaus_images/gaus_healthy_6066.png,0,1,0,0,0,0
gaus_images/gaus_healthy_6127.png,0,1,0,0,0,0
gaus_images/gaus_healthy_5224.png,0,1,0,0,0,0
gaus_images/gaus_healthy_2604.png,0,1,0,0,0,0
gaus_images/gaus_healthy_7936.png,0,1,0,0,0,0
gaus_images/gaus_healthy_10052.png,0,1,0,0,0,0
gaus_images/gaus_healthy_1170.png,0,1,0,0,0,0
gaus_images/gaus_healthy_5210.png,0,1,0,0,0,0
gaus_images/gaus_healthy_467.png,0,1,0,0,0,0
gaus_images/gaus_healthy_9363.png,0,1,0,0,0,0
gaus_images/gaus_healthy_6648.png,0,1,0,0,0,0
gaus_images/gaus_healthy_2894.png,0,1,0,0,0,0
gaus_images/gaus_healthy_13593.png,0,1,0,0,0,0
gaus_images/gaus_healthy_12014.png,0,1,0,0,0,0
gaus_images/gaus_healthy_2808.png,0,1,0,0,0,0
gaus_images/gaus_healthy_7121.png,0,1,0,0,0,0
gaus_images/gaus_healthy_3071.png,0,1,0,0,0,0
gaus_images/gaus_healthy_11363.png,0,1,0,0,0,0
gaus_images/gaus_healthy_8621.png,0,1,0,0,0,0
gaus_images/gaus_healthy_4281.png,0,1,0,0,0,0
gaus_images/gaus_healthy_12433.png,0,1,0,0,0,0
gaus_images/gaus_healthy_2167.png,0,1,0,0,0,0
gaus_images/gaus_healthy_6692.png,0,1,0,0,0,0
gaus_images/gaus_healthy_6012.png,0,1,0,0,0,0
gaus_images/gaus_healthy_7658.png,0,1,0,0,0,0
gaus_images/gaus_healthy_7438.png,0,1,0,0,0,0
gaus_images/gaus_healthy_9873.png,0,1,0,0,0,0
gaus_images/gaus_healthy_11186.png,0,1,0,0,0,0
gaus_images/gaus_healthy_4929.png,0,1,0,0,0,0
gaus_images/gaus_healthy_10635.png,0,1,0,0,0,0
gaus_images/gaus_healthy_2550.png,0,1,0,0,0,0
gaus_images/gaus_healthy_6516.png,0,1,0,0,0,0
gaus_images/gaus_healthy_9130.png,0,1,0,0,0,0
gaus_images/gaus_healthy_6873.png,0,1,0,0,0,0
gaus_images/gaus_healthy_7984.png,0,1,0,0,0,0
gaus_images/gaus_healthy_8933.png,0,1,0,0,0,0
gaus_images/gaus_healthy_8954.png,0,1,0,0,0,0
gaus_images/gaus_healthy_14780.png,0,1,0,0,0,0
gaus_images/gaus_healthy_8675.png,0,1,0,0,0,0
gaus_images/gaus_healthy_4322.png,0,1,0,0,0,0
gaus_images/gaus_healthy_1654.png,0,1,0,0,0,0
gaus_images/gaus_healthy_4401.png,0,1,0,0,0,0
gaus_images/gaus_healthy_3077.png,0,1,0,0,0,0
gaus_images/gaus_healthy_11681.png,0,1,0,0,0,0
gaus_images/gaus_healthy_907.png,0,1,0,0,0,0
gaus_images/gaus_healthy_1451.png,0,1,0,0,0,0
gaus_images/gaus_healthy_13226.png,0,1,0,0,0,0
gaus_images/gaus_healthy_4957.png,0,1,0,0,0,0
gaus_images/gaus_healthy_3696.png,0,1,0,0,0,0
gaus_images/gaus_healthy_5765.png,0,1,0,0,0,0
gaus_images/gaus_healthy_7866.png,0,1,0,0,0,0
gaus_images/gaus_healthy_3045.png,0,1,0,0,0,0
gaus_images/gaus_healthy_13171.png,0,1,0,0,0,0
gaus_images/gaus_healthy_12588.png,0,1,0,0,0,0
gaus_images/gaus_healthy_6228.png,0,1,0,0,0,0
gaus_images/gaus_healthy_2826.png,0,1,0,0,0,0
gaus_images/gaus_healthy_13467.png,0,1,0,0,0,0
gaus_images/gaus_healthy_3435.png,0,1,0,0,0,0
gaus_images/gaus_healthy_12551.png,0,1,0,0,0,0
gaus_images/gaus_healthy_293.png,0,1,0,0,0,0
gaus_images/gaus_healthy_4333.png,0,1,0,0,0,0
gaus_images/gaus_healthy_5670.png,0,1,0,0,0,0
gaus_images/gaus_healthy_4941.png,0,1,0,0,0,0
gaus_images/gaus_healthy_8123.png,0,1,0,0,0,0
gaus_images/gaus_healthy_9755.png,0,1,0,0,0,0
gaus_images/gaus_healthy_14260.png,0,1,0,0,0,0
gaus_images/gaus_healthy_5402.png,0,1,0,0,0,0
gaus_images/gaus_healthy_682.png,0,1,0,0,0,0
gaus_images/gaus_healthy_13610.png,0,1,0,0,0,0
gaus_images/gaus_healthy_5437.png,0,1,0,0,0,0
gaus_images/gaus_healthy_6752.png,0,1,0,0,0,0
gaus_images/gaus_healthy_2960.png,0,1,0,0,0,0
gaus_images/gaus_healthy_5535.png,0,1,0,0,0,0
gaus_images/gaus_healthy_8538.png,0,1,0,0,0,0
gaus_images/gaus_healthy_7964.png,0,1,0,0,0,0
gaus_images/gaus_healthy_3544.png,0,1,0,0,0,0
gaus_images/gaus_healthy_749.png,0,1,0,0,0,0
gaus_images/gaus_healthy_6423.png,0,1,0,0,0,0
gaus_images/gaus_healthy_5465.png,0,1,0,0,0,0
gaus_images/gaus_healthy_13755.png,0,1,0,0,0,0
gaus_images/gaus_healthy_8335.png,0,1,0,0,0,0
gaus_images/gaus_healthy_14371.png,0,1,0,0,0,0
gaus_images/gaus_healthy_14140.png,0,1,0,0,0,0
gaus_images/gaus_healthy_3912.png,0,1,0,0,0,0
gaus_images/gaus_healthy_2727.png,0,1,0,0,0,0
gaus_images/gaus_healthy_3820.png,0,1,0,0,0,0
gaus_images/gaus_healthy_2624.png,0,1,0,0,0,0
gaus_images/gaus_healthy_6781.png,0,1,0,0,0,0
gaus_images/gaus_healthy_13738.png,0,1,0,0,0,0
gaus_images/gaus_healthy_4176.png,0,1,0,0,0,0
gaus_images/gaus_healthy_3052.png,0,1,0,0,0,0
gaus_images/gaus_healthy_9986.png,0,1,0,0,0,0
gaus_images/gaus_healthy_6509.png,0,1,0,0,0,0
gaus_images/gaus_healthy_6202.png,0,1,0,0,0,0
gaus_images/gaus_healthy_11281.png,0,1,0,0,0,0
gaus_images/gaus_healthy_2398.png,0,1,0,0,0,0
gaus_images/gaus_healthy_9240.png,0,1,0,0,0,0
gaus_images/gaus_healthy_4075.png,0,1,0,0,0,0
gaus_images/gaus_healthy_9743.png,0,1,0,0,0,0
gaus_images/gaus_healthy_8372.png,0,1,0,0,0,0
gaus_images/gaus_healthy_7149.png,0,1,0,0,0,0
gaus_images/gaus_healthy_14124.png,0,1,0,0,0,0
gaus_images/gaus_healthy_14456.png,0,1,0,0,0,0
gaus_images/gaus_healthy_11957.png,0,1,0,0,0,0
gaus_images/gaus_healthy_12348.png,0,1,0,0,0,0
gaus_images/gaus_healthy_13668.png,0,1,0,0,0,0
gaus_images/gaus_healthy_14852.png,0,1,0,0,0,0
gaus_images/gaus_healthy_763.png,0,1,0,0,0,0
gaus_images/gaus_healthy_1500.png,0,1,0,0,0,0
gaus_images/gaus_healthy_141.png,0,1,0,0,0,0
gaus_images/gaus_healthy_9070.png,0,1,0,0,0,0
gaus_images/gaus_healthy_3408.png,0,1,0,0,0,0
gaus_images/gaus_healthy_131.png,0,1,0,0,0,0
gaus_images/gaus_healthy_301.png,0,1,0,0,0,0
gaus_images/gaus_healthy_2177.png,0,1,0,0,0,0
gaus_images/gaus_healthy_5762.png,0,1,0,0,0,0
gaus_images/gaus_healthy_10538.png,0,1,0,0,0,0
gaus_images/gaus_healthy_2501.png,0,1,0,0,0,0
gaus_images/gaus_healthy_6750.png,0,1,0,0,0,0
gaus_images/gaus_healthy_9339.png,0,1,0,0,0,0
gaus_images/gaus_healthy_9222.png,0,1,0,0,0,0
gaus_images/gaus_healthy_6250.png,0,1,0,0,0,0
gaus_images/gaus_healthy_1189.png,0,1,0,0,0,0
gaus_images/gaus_healthy_5012.png,0,1,0,0,0,0
gaus_images/gaus_healthy_3668.png,0,1,0,0,0,0
gaus_images/gaus_healthy_13148.png,0,1,0,0,0,0
gaus_images/gaus_healthy_13384.png,0,1,0,0,0,0
gaus_images/gaus_healthy_5046.png,0,1,0,0,0,0
gaus_images/gaus_healthy_1900.png,0,1,0,0,0,0
gaus_images/gaus_healthy_3977.png,0,1,0,0,0,0
gaus_images/gaus_healthy_10103.png,0,1,0,0,0,0
gaus_images/gaus_healthy_11766.png,0,1,0,0,0,0
gaus_images/gaus_healthy_7081.png,0,1,0,0,0,0
gaus_images/gaus_healthy_398.png,0,1,0,0,0,0
gaus_images/gaus_healthy_10157.png,0,1,0,0,0,0
gaus_images/gaus_healthy_12861.png,0,1,0,0,0,0
gaus_images/gaus_healthy_5889.png,0,1,0,0,0,0
gaus_images/gaus_healthy_14529.png,0,1,0,0,0,0
gaus_images/gaus_healthy_7617.png,0,1,0,0,0,0
gaus_images/gaus_complex_4146.png,0,0,0,1,0,0
gaus_images/gaus_complex_2363.png,0,0,0,1,0,0
gaus_images/gaus_complex_2101.png,0,0,0,1,0,1
gaus_images/gaus_complex_13394.png,0,0,0,1,0,1
gaus_images/gaus_complex_12228.png,0,0,0,1,0,0
gaus_images/gaus_complex_7212.png,0,0,0,1,0,0
gaus_images/gaus_complex_13984.png,0,0,0,1,0,0
gaus_images/gaus_complex_12390.png,1,0,1,1,0,0
gaus_images/gaus_complex_7382.png,0,0,0,1,0,0
gaus_images/gaus_complex_5074.png,0,0,1,1,0,0
gaus_images/gaus_complex_6313.png,0,0,0,1,0,0
gaus_images/gaus_complex_9317.png,1,0,1,1,0,0
gaus_images/gaus_complex_12932.png,0,0,0,1,1,0
gaus_images/gaus_complex_11450.png,0,0,0,1,0,0
gaus_images/gaus_complex_10995.png,0,0,0,1,1,0
gaus_images/gaus_complex_13288.png,0,0,0,1,0,0
gaus_images/gaus_complex_4939.png,0,0,0,1,0,0
gaus_images/gaus_complex_12475.png,0,0,0,1,0,0
gaus_images/gaus_complex_12347.png,1,0,1,1,0,0
gaus_images/gaus_complex_3003.png,0,0,0,1,0,0
gaus_images/gaus_complex_11598.png,0,0,0,1,0,0
gaus_images/gaus_complex_760.png,0,0,0,1,0,0
gaus_images/gaus_complex_2204.png,0,0,0,1,1,0
gaus_images/gaus_complex_11984.png,0,0,0,1,0,0
gaus_images/gaus_complex_3693.png,0,0,0,1,0,0
gaus_images/gaus_complex_11816.png,0,0,0,1,0,0
gaus_images/gaus_complex_6089.png,0,0,0,1,0,0
gaus_images/gaus_complex_11331.png,0,0,0,1,1,0
gaus_images/gaus_complex_14538.png,0,0,0,1,0,0
gaus_images/gaus_complex_560.png,0,0,1,1,0,0
gaus_images/gaus_complex_13004.png,0,0,0,1,0,1
gaus_images/gaus_complex_11808.png,0,0,1,1,0,0
gaus_images/gaus_complex_12334.png,0,0,0,1,0,0
gaus_images/gaus_complex_14518.png,0,0,0,1,0,0
gaus_images/gaus_complex_14421.png,0,0,1,1,0,0
gaus_images/gaus_complex_13240.png,0,0,0,1,0,0
gaus_images/gaus_complex_6637.png,0,0,0,1,0,1
gaus_images/gaus_complex_4403.png,0,0,0,1,0,0
gaus_images/gaus_complex_6449.png,0,0,0,1,0,0
gaus_images/gaus_complex_7632.png,0,0,0,1,0,0
gaus_images/gaus_complex_4891.png,0,0,0,1,0,0
gaus_images/gaus_complex_4487.png,0,0,0,1,0,0
gaus_images/gaus_complex_13042.png,0,0,0,1,0,0
gaus_images/gaus_complex_14332.png,0,0,0,1,0,0
gaus_images/gaus_complex_14608.png,0,0,0,1,0,0
gaus_images/gaus_complex_6338.png,0,0,0,1,0,0
gaus_images/gaus_complex_834.png,0,0,0,1,0,0
gaus_images/gaus_complex_2910.png,0,0,0,1,0,0
gaus_images/gaus_complex_13542.png,0,0,0,1,0,0
gaus_images/gaus_complex_1299.png,0,0,0,1,0,0
gaus_images/gaus_complex_7966.png,0,0,0,1,0,0
gaus_images/gaus_complex_14542.png,0,0,0,1,0,0
gaus_images/gaus_complex_4415.png,0,0,0,1,0,0
gaus_images/gaus_complex_206.png,0,0,0,1,0,0
gaus_images/gaus_complex_10673.png,1,0,1,1,0,0
gaus_images/gaus_complex_9947.png,0,0,0,1,0,0
gaus_images/gaus_complex_14020.png,0,0,1,1,0,0
gaus_images/gaus_complex_10458.png,1,0,1,1,0,0
gaus_images/gaus_complex_3482.png,0,0,0,1,0,0
gaus_images/gaus_complex_8580.png,0,0,0,1,0,0
gaus_images/gaus_complex_5734.png,0,0,0,1,0,0
gaus_images/gaus_complex_12929.png,0,0,0,1,0,1
gaus_images/gaus_complex_3134.png,0,0,0,1,0,0
gaus_images/gaus_complex_8370.png,0,0,0,1,0,0
gaus_images/gaus_complex_11419.png,1,0,1,1,0,0
gaus_images/gaus_complex_7286.png,0,0,0,1,0,0
gaus_images/gaus_complex_7788.png,0,0,0,1,0,0
gaus_images/gaus_complex_593.png,0,0,0,1,0,0
gaus_images/gaus_complex_6230.png,0,0,0,1,0,0
gaus_images/gaus_complex_14464.png,0,0,1,1,0,0
gaus_images/gaus_complex_12587.png,0,0,0,1,0,0
gaus_images/gaus_complex_10777.png,0,0,0,1,0,0
gaus_images/gaus_complex_8781.png,1,0,1,1,0,0
gaus_images/gaus_complex_5174.png,0,0,0,1,0,0
gaus_images/gaus_complex_780.png,0,0,0,1,0,0
gaus_images/gaus_complex_1269.png,0,0,0,1,0,0
gaus_images/gaus_complex_7027.png,0,0,0,1,0,0
gaus_images/gaus_complex_1788.png,0,0,0,1,0,0
gaus_images/gaus_complex_10317.png,0,0,0,1,0,0
gaus_images/gaus_complex_5863.png,1,0,1,1,0,0
gaus_images/gaus_complex_2818.png,0,0,0,1,0,0
gaus_images/gaus_complex_3836.png,0,0,0,1,0,0
gaus_images/gaus_complex_602.png,0,0,0,1,0,0
gaus_images/gaus_complex_3855.png,0,0,0,1,0,0
gaus_images/gaus_complex_12339.png,0,0,0,1,1,0
gaus_images/gaus_complex_3011.png,0,0,1,1,0,0
gaus_images/gaus_complex_6237.png,0,0,0,1,1,0
gaus_images/gaus_complex_2882.png,0,0,0,1,0,0
gaus_images/gaus_complex_4702.png,0,0,0,1,0,0
gaus_images/gaus_complex_9946.png,0,0,0,1,0,0
gaus_images/gaus_complex_12338.png,0,0,0,1,0,0
gaus_images/gaus_complex_7205.png,0,0,1,1,0,0
gaus_images/gaus_complex_479.png,1,0,1,1,0,0
gaus_images/gaus_complex_5667.png,0,0,0,1,0,0
gaus_images/gaus_complex_2295.png,0,0,0,1,0,0
gaus_images/gaus_complex_1292.png,0,0,0,1,0,0
gaus_images/gaus_complex_12494.png,0,0,0,1,0,0
gaus_images/gaus_complex_11656.png,0,0,0,1,0,0
gaus_images/gaus_complex_13239.png,0,0,0,1,0,0
gaus_images/gaus_complex_4224.png,0,0,0,1,0,0
gaus_images/gaus_complex_5528.png,0,0,0,1,0,0
gaus_images/gaus_complex_8309.png,0,0,0,1,0,0
gaus_images/gaus_complex_7639.png,0,0,0,1,0,0
gaus_images/gaus_complex_7075.png,0,0,0,1,0,0
gaus_images/gaus_complex_10845.png,0,0,0,1,0,0
gaus_images/gaus_complex_7463.png,0,0,0,1,0,0
gaus_images/gaus_complex_10105.png,0,0,0,1,0,1
gaus_images/gaus_complex_10969.png,0,0,0,1,0,1
gaus_images/gaus_complex_10054.png,0,0,0,1,0,0
gaus_images/gaus_complex_10262.png,0,0,0,1,0,0
gaus_images/gaus_complex_14503.png,1,0,1,1,0,0
gaus_images/gaus_complex_11604.png,0,0,0,1,0,0
gaus_images/gaus_complex_10822.png,0,0,0,1,0,0
gaus_images/gaus_complex_241.png,0,0,0,1,0,0
gaus_images/gaus_complex_5657.png,1,0,1,1,0,0
gaus_images/gaus_complex_1231.png,0,0,0,1,0,0
gaus_images/gaus_complex_1902.png,0,0,0,1,0,0
gaus_images/gaus_complex_2209.png,0,0,0,1,0,0
gaus_images/gaus_complex_11167.png,1,0,1,1,0,0
gaus_images/gaus_complex_8200.png,0,0,0,1,0,0
gaus_images/gaus_complex_12481.png,0,0,0,1,0,0
gaus_images/gaus_complex_1984.png,1,0,1,1,0,0
gaus_images/gaus_complex_14555.png,0,0,0,1,0,0
gaus_images/gaus_complex_14865.png,0,0,0,1,0,0
gaus_images/gaus_complex_599.png,0,0,1,1,0,0
gaus_images/gaus_complex_551.png,0,0,0,1,0,0
gaus_images/gaus_complex_1800.png,0,0,0,1,1,0
gaus_images/gaus_complex_625.png,0,0,0,1,0,0
gaus_images/gaus_complex_6914.png,0,0,0,1,0,0
gaus_images/gaus_complex_14398.png,0,0,0,1,0,0
gaus_images/gaus_complex_4328.png,0,0,0,1,0,0
gaus_images/gaus_complex_4989.png,0,0,0,1,0,0
gaus_images/gaus_complex_12192.png,1,0,1,1,0,0
gaus_images/gaus_complex_6626.png,0,0,0,1,0,0
gaus_images/gaus_complex_11650.png,0,0,0,1,0,0
gaus_images/gaus_complex_10081.png,0,0,0,1,0,0
gaus_images/gaus_complex_6236.png,1,0,1,1,0,0
gaus_images/gaus_complex_13730.png,0,0,0,1,0,0
gaus_images/gaus_complex_9675.png,0,0,0,1,0,0
gaus_images/gaus_complex_5676.png,0,0,0,1,1,0
gaus_images/gaus_complex_344.png,0,0,0,1,0,1
gaus_images/gaus_complex_5202.png,0,0,0,1,0,0
gaus_images/gaus_complex_2902.png,0,0,0,1,0,0
gaus_images/gaus_complex_12623.png,0,0,0,1,0,0
gaus_images/gaus_complex_14034.png,0,0,0,1,0,0
gaus_images/gaus_complex_3146.png,0,0,0,1,0,0
gaus_images/gaus_complex_8770.png,0,0,0,1,0,1
gaus_images/gaus_complex_14498.png,1,0,1,1,0,0
gaus_images/gaus_complex_8724.png,1,0,1,1,0,0
gaus_images/gaus_complex_330.png,0,0,0,1,0,0
gaus_images/gaus_complex_9686.png,1,0,1,1,0,0
gaus_images/gaus_complex_6601.png,0,0,0,1,0,0
gaus_images/gaus_complex_3980.png,1,0,1,1,0,0
gaus_images/gaus_complex_10913.png,0,0,0,1,0,0
gaus_images/gaus_complex_7695.png,0,0,1,1,0,0
gaus_images/gaus_complex_4786.png,0,0,0,1,0,0
gaus_images/gaus_complex_9784.png,0,0,0,1,0,0
gaus_images/gaus_complex_11129.png,1,0,1,1,0,0
gaus_images/gaus_complex_951.png,0,0,0,1,0,0
gaus_images/gaus_complex_3154.png,0,0,0,1,0,0
gaus_images/gaus_complex_10016.png,0,0,0,1,0,0
gaus_images/gaus_complex_6038.png,0,0,0,1,0,0
gaus_images/gaus_complex_10113.png,0,0,0,1,0,0
gaus_images/gaus_complex_11269.png,0,0,0,1,0,0
gaus_images/gaus_complex_11253.png,0,0,0,1,0,0
gaus_images/gaus_complex_5800.png,0,0,0,1,0,0
gaus_images/gaus_complex_1871.png,0,0,0,1,0,0
gaus_images/gaus_complex_10607.png,0,0,0,1,0,0
gaus_images/gaus_complex_11299.png,0,0,0,1,0,0
gaus_images/gaus_complex_2085.png,0,0,0,1,0,0
gaus_images/gaus_complex_7226.png,0,0,0,1,0,0
gaus_images/gaus_complex_11605.png,0,0,0,1,0,0
gaus_images/gaus_complex_7880.png,0,0,0,1,0,0
gaus_images/gaus_complex_7079.png,0,0,0,1,0,0
gaus_images/gaus_complex_5050.png,0,0,0,1,0,0
gaus_images/gaus_complex_12484.png,0,0,1,1,0,0
gaus_images/gaus_complex_361.png,0,0,0,1,0,1
gaus_images/gaus_complex_5984.png,0,0,0,1,0,0
gaus_images/gaus_complex_12911.png,0,0,0,1,0,0
gaus_images/gaus_complex_4195.png,0,0,1,1,0,0
gaus_images/gaus_complex_13065.png,0,0,0,1,0,0
gaus_images/gaus_complex_171.png,0,0,0,1,0,0
gaus_images/gaus_complex_10863.png,0,0,0,1,0,0
gaus_images/gaus_complex_8876.png,0,0,0,1,0,0
gaus_images/gaus_complex_4636.png,0,0,0,1,0,0
gaus_images/gaus_complex_7968.png,0,0,0,1,0,0
gaus_images/gaus_complex_13602.png,0,0,0,1,0,0
gaus_images/gaus_complex_7677.png,0,0,0,1,0,0
gaus_images/gaus_complex_3449.png,0,0,0,1,0,0
gaus_images/gaus_complex_7279.png,0,0,0,1,0,0
gaus_images/gaus_complex_9557.png,0,0,0,1,0,0
gaus_images/gaus_complex_1906.png,0,0,1,1,0,0
gaus_images/gaus_complex_12690.png,0,0,0,1,1,0
gaus_images/gaus_complex_8647.png,0,0,0,1,0,0
gaus_images/gaus_complex_835.png,0,0,0,1,0,0
gaus_images/gaus_complex_150.png,0,0,0,1,0,0
gaus_images/gaus_complex_3804.png,0,0,0,1,0,0
gaus_images/gaus_complex_10734.png,0,0,0,1,0,0
gaus_images/gaus_complex_13991.png,0,0,0,1,0,0
gaus_images/gaus_complex_3002.png,0,0,0,1,0,0
gaus_images/gaus_complex_2573.png,0,0,0,1,0,0
gaus_images/gaus_complex_7251.png,0,0,0,1,0,0
gaus_images/gaus_complex_7808.png,0,0,0,1,0,0
gaus_images/gaus_complex_7623.png,0,0,0,1,1,0
gaus_images/gaus_complex_13566.png,0,0,0,1,0,0
gaus_images/gaus_powdery_mildew_8623.png,0,0,0,0,0,1
gaus_images/gaus_powdery_mildew_10397.png,0,0,0,0,0,1
gaus_images/gaus_powdery_mildew_3171.png,0,0,0,0,0,1
gaus_images/gaus_powdery_mildew_4442.png,0,0,0,0,0,1
gaus_images/gaus_powdery_mildew_1182.png,0,0,0,1,0,1
gaus_images/gaus_powdery_mildew_3900.png,0,0,0,0,0,1
gaus_images/gaus_powdery_mildew_11145.png,0,0,0,0,0,1
gaus_images/gaus_powdery_mildew_2102.png,0,0,0,0,0,1
gaus_images/gaus_powdery_mildew_4470.png,0,0,0,0,0,1
gaus_images/gaus_powdery_mildew_4911.png,0,0,0,0,0,1
gaus_images/gaus_powdery_mildew_6334.png,0,0,0,0,0,1
gaus_images/gaus_powdery_mildew_339.png,0,0,0,0,0,1
gaus_images/gaus_powdery_mildew_4658.png,0,0,0,0,0,1
gaus_images/gaus_powdery_mildew_9079.png,0,0,0,0,0,1
gaus_images/gaus_powdery_mildew_1150.png,0,0,0,0,0,1
gaus_images/gaus_powdery_mildew_660.png,0,0,0,0,0,1
gaus_images/gaus_powdery_mildew_13393.png,0,0,0,0,0,1
gaus_images/gaus_powdery_mildew_2257.png,0,0,0,0,0,1
gaus_images/gaus_powdery_mildew_10767.png,0,0,0,0,0,1
gaus_images/gaus_powdery_mildew_4766.png,0,0,0,0,0,1
gaus_images/gaus_powdery_mildew_9053.png,0,0,0,0,0,1
gaus_images/gaus_powdery_mildew_6080.png,0,0,0,0,0,1
gaus_images/gaus_powdery_mildew_12766.png,0,0,0,0,0,1
gaus_images/gaus_powdery_mildew_7078.png,0,0,0,0,0,1
gaus_images/gaus_powdery_mildew_6134.png,0,0,0,0,0,1
gaus_images/gaus_powdery_mildew_1485.png,0,0,0,0,0,1
gaus_images/gaus_powdery_mildew_13902.png,0,0,0,0,0,1
gaus_images/gaus_powdery_mildew_13685.png,0,0,0,0,0,1
gaus_images/gaus_powdery_mildew_12161.png,0,0,0,0,0,1
gaus_images/gaus_powdery_mildew_7274.png,0,0,0,0,0,1
gaus_images/gaus_powdery_mildew_9661.png,0,0,0,0,0,1
gaus_images/gaus_powdery_mildew_14157.png,0,0,0,0,0,1
gaus_images/gaus_powdery_mildew_3325.png,0,0,0,0,0,1
gaus_images/gaus_powdery_mildew_2070.png,0,0,0,0,0,1
gaus_images/gaus_powdery_mildew_8844.png,0,0,0,0,0,1
gaus_images/gaus_powdery_mildew_7242.png,0,0,0,0,0,1
gaus_images/gaus_powdery_mildew_13768.png,0,0,0,0,0,1
gaus_images/gaus_powdery_mildew_10658.png,0,0,0,1,0,1
gaus_images/gaus_powdery_mildew_2406.png,0,0,0,0,0,1
gaus_images/gaus_powdery_mildew_9806.png,0,0,0,0,0,1
gaus_images/gaus_powdery_mildew_2200.png,0,0,0,0,0,1
gaus_images/gaus_powdery_mildew_14291.png,0,0,0,0,0,1
gaus_images/gaus_powdery_mildew_3098.png,0,0,0,0,0,1
gaus_images/gaus_powdery_mildew_6119.png,0,0,0,0,0,1
gaus_images/gaus_powdery_mildew_6355.png,0,0,0,0,0,1
gaus_images/gaus_powdery_mildew_11075.png,0,0,0,1,0,1
gaus_images/gaus_powdery_mildew_6479.png,0,0,0,0,0,1
gaus_images/gaus_powdery_mildew_14204.png,0,0,0,0,0,1
gaus_images/gaus_powdery_mildew_2704.png,0,0,0,0,0,1
gaus_images/gaus_powdery_mildew_14502.png,0,0,0,0,0,1
gaus_images/gaus_powdery_mildew_4313.png,0,0,0,0,0,1
gaus_images/gaus_powdery_mildew_13375.png,0,0,0,0,0,1
gaus_images/gaus_powdery_mildew_4731.png,0,0,0,0,0,1
gaus_images/gaus_powdery_mildew_14093.png,0,0,0,0,0,1
gaus_images/gaus_powdery_mildew_1952.png,0,0,0,0,0,1
gaus_images/gaus_powdery_mildew_10541.png,0,0,0,0,0,1
gaus_images/gaus_powdery_mildew_10674.png,0,0,0,0,0,1
gaus_images/gaus_powdery_mildew_8156.png,0,0,0,0,0,1
gaus_images/gaus_powdery_mildew_8809.png,0,0,0,0,0,1
gaus_images/gaus_powdery_mildew_2950.png,0,0,0,0,0,1
gaus_images/gaus_powdery_mildew_1617.png,0,0,0,0,0,1
gaus_images/gaus_powdery_mildew_3822.png,0,0,0,0,0,1
gaus_images/gaus_powdery_mildew_10704.png,0,0,0,0,0,1
gaus_images/gaus_powdery_mildew_8127.png,0,0,0,0,0,1
gaus_images/gaus_powdery_mildew_9227.png,0,0,0,0,0,1
gaus_images/gaus_powdery_mildew_4337.png,0,0,0,0,0,1
gaus_images/gaus_powdery_mildew_6840.png,0,0,0,0,0,1
gaus_images/gaus_powdery_mildew_934.png,0,0,0,0,0,1
gaus_images/gaus_powdery_mildew_7490.png,0,0,0,0,0,1
gaus_images/gaus_powdery_mildew_7305.png,0,0,0,0,0,1
gaus_images/gaus_powdery_mildew_13745.png,0,0,0,0,0,1
gaus_images/gaus_powdery_mildew_8938.png,0,0,0,0,0,1
gaus_images/gaus_powdery_mildew_7193.png,0,0,0,0,0,1
gaus_images/gaus_powdery_mildew_4034.png,0,0,0,0,0,1
gaus_images/gaus_powdery_mildew_13505.png,0,0,0,0,0,1
gaus_images/gaus_powdery_mildew_11966.png,0,0,0,0,0,1
gaus_images/gaus_powdery_mildew_10261.png,0,0,0,0,0,1
gaus_images/gaus_powdery_mildew_3928.png,0,0,0,0,0,1
gaus_images/gaus_powdery_mildew_4418.png,0,0,0,0,0,1
gaus_images/gaus_powdery_mildew_10391.png,0,0,0,0,0,1
gaus_images/gaus_powdery_mildew_9303.png,0,0,0,1,0,1
gaus_images/gaus_powdery_mildew_9832.png,0,0,0,0,0,1
gaus_images/gaus_powdery_mildew_12125.png,0,0,0,0,0,1
gaus_images/gaus_powdery_mildew_9395.png,0,0,0,0,0,1
gaus_images/gaus_powdery_mildew_11074.png,0,0,0,0,0,1
gaus_images/gaus_powdery_mildew_9904.png,0,0,0,0,0,1
gaus_images/gaus_powdery_mildew_7809.png,0,0,0,0,0,1
gaus_images/gaus_powdery_mildew_9419.png,0,0,0,0,0,1
gaus_images/gaus_powdery_mildew_9573.png,0,0,0,0,0,1
gaus_images/gaus_powdery_mildew_2185.png,0,0,0,0,0,1
gaus_images/gaus_powdery_mildew_7876.png,0,0,0,0,0,1
gaus_images/gaus_powdery_mildew_12960.png,0,0,0,0,0,1
gaus_images/gaus_powdery_mildew_9898.png,0,0,0,0,0,1
gaus_images/gaus_powdery_mildew_5362.png,0,0,0,1,0,1
gaus_images/gaus_powdery_mildew_92.png,0,0,0,0,0,1
gaus_images/gaus_powdery_mildew_3199.png,0,0,0,0,0,1
gaus_images/gaus_powdery_mildew_10453.png,0,0,0,1,0,1
gaus_images/gaus_powdery_mildew_12529.png,0,0,0,0,0,1
gaus_images/gaus_powdery_mildew_553.png,0,0,0,0,0,1
gaus_images/gaus_powdery_mildew_14150.png,0,0,0,0,0,1
gaus_images/gaus_powdery_mildew_12769.png,0,0,0,0,0,1
gaus_images/gaus_powdery_mildew_11510.png,0,0,0,0,0,1
gaus_images/gaus_powdery_mildew_12160.png,0,0,0,0,0,1
gaus_images/gaus_powdery_mildew_1948.png,0,0,0,0,0,1
gaus_images/gaus_powdery_mildew_9120.png,0,0,0,0,0,1
gaus_images/gaus_powdery_mildew_12955.png,0,0,0,0,0,1
gaus_images/gaus_powdery_mildew_888.png,0,0,0,0,0,1
gaus_images/gaus_powdery_mildew_3437.png,0,0,0,0,0,1
gaus_images/gaus_powdery_mildew_7949.png,0,0,0,0,0,1
gaus_images/gaus_powdery_mildew_9638.png,0,0,0,0,0,1
gaus_images/gaus_powdery_mildew_2098.png,0,0,0,0,0,1
gaus_images/gaus_powdery_mildew_14844.png,0,0,0,0,0,1
gaus_images/gaus_powdery_mildew_10840.png,0,0,0,0,0,1
gaus_images/gaus_powdery_mildew_3311.png,0,0,0,0,0,1
gaus_images/gaus_powdery_mildew_3897.png,0,0,0,1,0,1
gaus_images/gaus_powdery_mildew_239.png,0,0,0,0,0,1
gaus_images/gaus_powdery_mildew_10646.png,0,0,0,0,0,1
gaus_images/gaus_powdery_mildew_7667.png,0,0,0,0,0,1
gaus_images/gaus_powdery_mildew_10196.png,0,0,0,0,0,1
gaus_images/gaus_powdery_mildew_6748.png,0,0,0,0,0,1
gaus_images/gaus_powdery_mildew_11053.png,0,0,0,0,0,1
gaus_images/gaus_powdery_mildew_329.png,0,0,0,0,0,1
gaus_images/gaus_powdery_mildew_7257.png,0,0,0,0,0,1
gaus_images/gaus_powdery_mildew_8749.png,0,0,0,0,0,1
gaus_images/gaus_powdery_mildew_431.png,0,0,0,0,0,1
gaus_images/gaus_powdery_mildew_8472.png,0,0,0,0,0,1
gaus_images/gaus_powdery_mildew_12208.png,0,0,0,0,0,1
gaus_images/gaus_powdery_mildew_9272.png,0,0,0,0,0,1
gaus_images/gaus_powdery_mildew_5991.png,0,0,0,0,0,1
gaus_images/gaus_powdery_mildew_10141.png,0,0,0,0,0,1
gaus_images/gaus_powdery_mildew_13294.png,0,0,0,1,0,1
gaus_images/gaus_powdery_mildew_4800.png,0,0,0,0,0,1
gaus_images/gaus_powdery_mildew_5282.png,0,0,0,0,0,1
gaus_images/gaus_powdery_mildew_5469.png,0,0,0,0,0,1
gaus_images/gaus_powdery_mildew_11884.png,0,0,0,0,0,1
gaus_images/gaus_powdery_mildew_8524.png,0,0,0,0,0,1
gaus_images/gaus_powdery_mildew_6396.png,0,0,0,0,0,1
gaus_images/gaus_powdery_mildew_392.png,0,0,0,0,0,1
gaus_images/gaus_powdery_mildew_4389.png,0,0,0,0,0,1
gaus_images/gaus_powdery_mildew_9281.png,0,0,0,0,0,1
gaus_images/gaus_powdery_mildew_6928.png,0,0,0,0,0,1
gaus_images/gaus_powdery_mildew_6371.png,0,0,0,0,0,1
gaus_images/gaus_powdery_mildew_9338.png,0,0,0,0,0,1
gaus_images/gaus_powdery_mildew_9895.png,0,0,0,0,0,1
gaus_images/gaus_powdery_mildew_6206.png,0,0,0,0,0,1
gaus_images/gaus_powdery_mildew_14104.png,0,0,0,0,0,1
gaus_images/gaus_powdery_mildew_14469.png,0,0,0,0,0,1
gaus_images/gaus_powdery_mildew_5145.png,0,0,0,0,0,1
gaus_images/gaus_powdery_mildew_7182.png,0,0,0,1,0,1
gaus_images/gaus_powdery_mildew_656.png,0,0,0,0,0,1
gaus_images/gaus_powdery_mildew_6390.png,0,0,0,0,0,1
gaus_images/gaus_powdery_mildew_13947.png,0,0,0,0,0,1
gaus_images/gaus_powdery_mildew_8236.png,0,0,0,0,0,1
gaus_images/gaus_powdery_mildew_165.png,0,0,0,0,0,1
gaus_images/gaus_powdery_mildew_11914.png,0,0,0,0,0,1
gaus_images/gaus_powdery_mildew_13194.png,0,0,0,0,0,1
gaus_images/gaus_powdery_mildew_3070.png,0,0,0,0,0,1
gaus_images/gaus_powdery_mildew_7031.png,0,0,0,0,0,1
gaus_images/gaus_powdery_mildew_13006.png,0,0,0,0,0,1
gaus_images/gaus_powdery_mildew_2348.png,0,0,0,0,0,1
gaus_images/gaus_powdery_mildew_2118.png,0,0,0,0,0,1
gaus_images/gaus_powdery_mildew_8233.png,0,0,0,0,0,1
gaus_images/gaus_powdery_mildew_3860.png,0,0,0,0,0,1
gaus_images/gaus_powdery_mildew_6580.png,0,0,0,0,0,1
gaus_images/gaus_powdery_mildew_8333.png,0,0,0,0,0,1
gaus_images/gaus_powdery_mildew_12391.png,0,0,0,0,0,1
gaus_images/gaus_powdery_mildew_8841.png,0,0,0,0,0,1
gaus_images/gaus_powdery_mildew_5513.png,0,0,0,0,0,1
gaus_images/gaus_powdery_mildew_1047.png,0,0,0,1,0,1
gaus_images/gaus_powdery_mildew_11602.png,0,0,0,0,0,1
gaus_images/gaus_powdery_mildew_2314.png,0,0,0,0,0,1
gaus_images/gaus_powdery_mildew_12814.png,0,0,0,0,0,1
gaus_images/gaus_powdery_mildew_1717.png,0,0,0,0,0,1
gaus_images/gaus_powdery_mildew_10667.png,0,0,0,0,0,1
gaus_images/gaus_powdery_mildew_6670.png,0,0,0,0,0,1
gaus_images/gaus_powdery_mildew_6144.png,0,0,0,0,0,1
gaus_images/gaus_powdery_mildew_7776.png,0,0,0,0,0,1
gaus_images/gaus_powdery_mildew_14100.png,0,0,0,0,0,1
gaus_images/gaus_powdery_mildew_12006.png,0,0,0,0,0,1
gaus_images/gaus_powdery_mildew_5963.png,0,0,0,0,0,1
gaus_images/gaus_powdery_mildew_4910.png,0,0,0,0,0,1
gaus_images/gaus_powdery_mildew_11248.png,0,0,0,0,0,1
gaus_images/gaus_powdery_mildew_10896.png,0,0,0,0,0,1
gaus_images/gaus_powdery_mildew_11014.png,0,0,0,0,0,1
gaus_images/gaus_powdery_mildew_8533.png,0,0,0,0,0,1
gaus_images/gaus_powdery_mildew_10650.png,0,0,0,0,0,1
gaus_images/gaus_powdery_mildew_4174.png,0,0,0,0,0,1
gaus_images/gaus_powdery_mildew_11693.png,0,0,0,0,0,1
gaus_images/gaus_powdery_mildew_5471.png,0,0,0,0,0,1
gaus_images/gaus_powdery_mildew_6379.png,0,0,0,0,0,1
gaus_images/gaus_powdery_mildew_12092.png,0,0,0,0,0,1
gaus_images/gaus_powdery_mildew_7646.png,0,0,0,0,0,1
gaus_images/gaus_powdery_mildew_2466.png,0,0,0,0,0,1
gaus_images/gaus_powdery_mildew_2975.png,0,0,0,0,0,1
gaus_images/gaus_powdery_mildew_5400.png,0,0,0,0,0,1
gaus_images/gaus_powdery_mildew_5990.png,0,0,0,0,0,1
gaus_images/gaus_powdery_mildew_11618.png,0,0,0,0,0,1
gaus_images/gaus_powdery_mildew_2019.png,0,0,0,0,0,1
gaus_images/gaus_powdery_mildew_3394.png,0,0,0,0,0,1
gaus_images/gaus_powdery_mildew_8923.png,0,0,0,0,0,1
gaus_images/gaus_powdery_mildew_4882.png,0,0,0,0,0,1
gaus_images/gaus_powdery_mildew_5566.png,0,0,0,0,0,1
gaus_images/gaus_powdery_mildew_473.png,0,0,0,0,0,1
gaus_images/gaus_powdery_mildew_9502.png,0,0,0,0,0,1
gaus_images/gaus_powdery_mildew_11159.png,0,0,0,0,0,1
gaus_images/gaus_powdery_mildew_10152.png,0,0,0,0,0,1
gaus_images/gaus_powdery_mildew_3927.png,0,0,0,0,0,1
gaus_images/gaus_powdery_mildew_14182.png,0,0,0,0,0,1
gaus_images/gaus_powdery_mildew_2086.png,0,0,0,0,0,1
gaus_images/gaus_powdery_mildew_4076.png,0,0,0,0,0,1
gaus_images/gaus_powdery_mildew_4981.png,0,0,0,1,0,1
gaus_images/gaus_powdery_mildew_11010.png,0,0,0,0,0,1
gaus_images/gaus_powdery_mildew_12920.png,0,0,0,0,0,1
gaus_images/gaus_powdery_mildew_9563.png,0,0,0,0,0,1
gaus_images/gaus_powdery_mildew_12706.png,0,0,0,0,0,1
gaus_images/gaus_powdery_mildew_1519.png,0,0,0,0,0,1
gaus_images/gaus_powdery_mildew_3278.png,0,0,0,0,0,1
gaus_images/gaus_powdery_mildew_7867.png,0,0,0,0,0,1
gaus_images/gaus_powdery_mildew_3044.png,0,0,0,0,0,1
gaus_images/gaus_powdery_mildew_10968.png,0,0,0,0,0,1
gaus_images/gaus_powdery_mildew_5227.png,0,0,0,0,0,1
gaus_images/gaus_powdery_mildew_12087.png,0,0,0,0,0,1
gaus_images/gaus_powdery_mildew_11303.png,0,0,0,0,0,1
gaus_images/gaus_powdery_mildew_6109.png,0,0,0,0,0,1
gaus_images/gaus_scab_7247.png,1,0,1,0,0,0
gaus_images/gaus_scab_13131.png,1,0,0,0,0,0
gaus_images/gaus_scab_4379.png,1,0,0,0,0,0
gaus_images/gaus_scab_3177.png,1,0,0,0,0,0
gaus_images/gaus_scab_4040.png,1,0,0,0,0,0
gaus_images/gaus_scab_3352.png,1,0,0,0,0,0
gaus_images/gaus_scab_5901.png,1,0,0,0,0,0
gaus_images/gaus_scab_10707.png,1,0,0,0,0,0
gaus_images/gaus_scab_4263.png,1,0,1,0,0,0
gaus_images/gaus_scab_53.png,1,0,0,0,0,0
gaus_images/gaus_scab_12671.png,1,0,0,0,0,0
gaus_images/gaus_scab_9567.png,1,0,0,0,0,0
gaus_images/gaus_scab_8428.png,1,0,1,0,0,0
gaus_images/gaus_scab_10813.png,1,0,0,0,0,0
gaus_images/gaus_scab_4023.png,1,0,0,0,0,0
gaus_images/gaus_scab_6531.png,1,0,0,0,0,0
gaus_images/gaus_scab_5168.png,1,0,0,0,0,0
gaus_images/gaus_scab_495.png,1,0,1,0,0,0
gaus_images/gaus_scab_9669.png,1,0,0,0,0,0
gaus_images/gaus_scab_12233.png,1,0,0,0,0,0
gaus_images/gaus_scab_3248.png,1,0,1,0,0,0
gaus_images/gaus_scab_4559.png,1,0,0,0,0,0
gaus_images/gaus_scab_1014.png,1,0,0,0,0,0
gaus_images/gaus_scab_3369.png,1,0,0,0,0,0
gaus_images/gaus_scab_9671.png,1,0,0,0,0,0
gaus_images/gaus_scab_7782.png,1,0,0,0,0,0
gaus_images/gaus_scab_2837.png,1,0,1,0,0,0
gaus_images/gaus_scab_14770.png,1,0,0,0,0,0
gaus_images/gaus_scab_1472.png,1,0,0,0,0,0
gaus_images/gaus_scab_5140.png,1,0,0,0,0,0
gaus_images/gaus_scab_9101.png,1,0,0,0,0,0
gaus_images/gaus_scab_1181.png,1,0,0,0,0,0
gaus_images/gaus_scab_1112.png,1,0,1,0,0,0
gaus_images/gaus_scab_14782.png,1,0,1,0,0,0
gaus_images/gaus_scab_2557.png,1,0,0,0,0,0
gaus_images/gaus_scab_11901.png,1,0,0,0,0,0
gaus_images/gaus_scab_10468.png,1,0,0,0,0,0
gaus_images/gaus_scab_2830.png,1,0,0,0,0,0
gaus_images/gaus_scab_9889.png,1,0,0,0,0,0
gaus_images/gaus_scab_159.png,1,0,0,0,0,0
gaus_images/gaus_scab_4506.png,1,0,0,0,0,0
gaus_images/gaus_scab_178.png,1,0,0,0,0,0
gaus_images/gaus_scab_1427.png,1,0,0,0,0,0
gaus_images/gaus_scab_12695.png,1,0,0,0,0,0
gaus_images/gaus_scab_10619.png,1,0,0,0,0,0
gaus_images/gaus_scab_10624.png,1,0,0,0,0,0
gaus_images/gaus_scab_12806.png,1,0,0,0,0,0
gaus_images/gaus_scab_10743.png,1,0,0,0,0,0
gaus_images/gaus_scab_5694.png,1,0,1,1,0,0
gaus_images/gaus_scab_11056.png,1,0,0,0,0,0
gaus_images/gaus_scab_12010.png,1,0,0,0,0,0
gaus_images/gaus_scab_8322.png,1,0,0,0,0,0
gaus_images/gaus_scab_5711.png,1,0,0,0,0,0
gaus_images/gaus_scab_13966.png,1,0,0,0,0,0
gaus_images/gaus_scab_8306.png,1,0,0,0,0,0
gaus_images/gaus_scab_6617.png,1,0,0,0,0,0
gaus_images/gaus_scab_12555.png,1,0,0,0,0,0
gaus_images/gaus_scab_5906.png,1,0,0,0,0,0
gaus_images/gaus_scab_5332.png,1,0,0,0,0,0
gaus_images/gaus_scab_12276.png,1,0,0,0,0,0
gaus_images/gaus_scab_11341.png,1,0,0,0,0,0
gaus_images/gaus_scab_4189.png,1,0,0,0,0,0
gaus_images/gaus_scab_12975.png,1,0,0,0,0,0
gaus_images/gaus_scab_12476.png,1,0,0,0,0,0
gaus_images/gaus_scab_13525.png,1,0,0,0,0,0
gaus_images/gaus_scab_2655.png,1,0,0,0,0,0
gaus_images/gaus_scab_4371.png,1,0,0,0,0,0
gaus_images/gaus_scab_7771.png,1,0,1,0,0,0
gaus_images/gaus_scab_13978.png,1,0,1,0,0,0
gaus_images/gaus_scab_7981.png,1,0,0,0,0,0
gaus_images/gaus_scab_6485.png,1,0,0,0,0,0
gaus_images/gaus_scab_10523.png,1,0,0,0,0,0
gaus_images/gaus_scab_3284.png,1,0,0,0,0,0
gaus_images/gaus_scab_7584.png,1,0,0,0,0,0
gaus_images/gaus_scab_297.png,1,0,0,0,0,0
gaus_images/gaus_scab_12972.png,1,0,0,0,0,0
gaus_images/gaus_scab_2328.png,1,0,1,0,0,0
gaus_images/gaus_scab_10977.png,1,0,0,0,0,0
gaus_images/gaus_scab_4500.png,1,0,0,0,0,0
gaus_images/gaus_scab_475.png,1,0,0,0,0,0
gaus_images/gaus_scab_14126.png,1,0,0,0,0,0
gaus_images/gaus_scab_11164.png,1,0,0,0,0,0
gaus_images/gaus_scab_145.png,1,0,0,0,0,0
gaus_images/gaus_scab_1508.png,1,0,0,0,0,0
gaus_images/gaus_scab_7810.png,1,0,0,0,0,0
gaus_images/gaus_scab_14130.png,1,0,0,0,0,0
gaus_images/gaus_scab_1209.png,1,0,1,0,0,0
gaus_images/gaus_scab_14574.png,1,0,0,0,0,0
gaus_images/gaus_scab_6242.png,1,0,0,0,0,0
gaus_images/gaus_scab_8847.png,1,0,0,0,0,0
gaus_images/gaus_scab_8324.png,1,0,0,0,0,0
gaus_images/gaus_scab_454.png,1,0,1,0,0,0
gaus_images/gaus_scab_5305.png,1,0,0,0,0,0
gaus_images/gaus_scab_3062.png,1,0,0,0,0,0
gaus_images/gaus_scab_14486.png,1,0,0,0,0,0
gaus_images/gaus_scab_3468.png,1,0,0,0,0,0
gaus_images/gaus_scab_10631.png,1,0,0,0,0,0
gaus_images/gaus_scab_3152.png,1,0,0,0,0,0
gaus_images/gaus_scab_8755.png,1,0,0,0,0,0
gaus_images/gaus_scab_2350.png,1,0,1,0,0,0
gaus_images/gaus_scab_9304.png,1,0,1,0,0,0
gaus_images/gaus_scab_7461.png,1,0,0,0,0,0
gaus_images/gaus_scab_4518.png,1,0,0,0,0,0
gaus_images/gaus_scab_2506.png,1,0,1,0,0,0
gaus_images/gaus_scab_14177.png,1,0,0,0,0,0
gaus_images/gaus_scab_14625.png,1,0,0,0,0,0
gaus_images/gaus_scab_33.png,1,0,0,0,0,0
gaus_images/gaus_scab_9778.png,1,0,0,0,0,0
gaus_images/gaus_scab_3659.png,1,0,0,0,0,0
gaus_images/gaus_scab_10277.png,1,0,0,0,0,0
gaus_images/gaus_scab_5406.png,1,0,0,0,0,0
gaus_images/gaus_scab_13355.png,1,0,0,0,0,0
gaus_images/gaus_scab_4417.png,1,0,0,0,0,0
gaus_images/gaus_scab_10908.png,1,0,0,0,0,0
gaus_images/gaus_scab_10865.png,1,0,0,0,0,0
gaus_images/gaus_scab_13598.png,1,0,0,0,0,0
gaus_images/gaus_scab_12734.png,1,0,0,0,0,0
gaus_images/gaus_scab_9924.png,1,0,0,0,0,0
gaus_images/gaus_scab_12912.png,1,0,0,0,0,0
gaus_images/gaus_scab_5278.png,1,0,0,0,0,0
gaus_images/gaus_scab_11911.png,1,0,0,0,0,0
gaus_images/gaus_scab_2795.png,1,0,0,0,0,0
gaus_images/gaus_scab_8831.png,1,0,1,0,0,0
gaus_images/gaus_scab_482.png,1,0,0,0,0,0
gaus_images/gaus_scab_8405.png,1,0,0,0,0,0
gaus_images/gaus_scab_6964.png,1,0,1,0,0,0
gaus_images/gaus_rust_13358.png,0,0,0,0,1,0
gaus_images/gaus_rust_1998.png,0,0,1,0,1,0
gaus_images/gaus_rust_7641.png,0,0,0,0,1,0
gaus_images/gaus_rust_1121.png,0,0,1,0,1,0
gaus_images/gaus_rust_2338.png,0,0,0,0,1,0
gaus_images/gaus_rust_3418.png,0,0,0,0,1,0
gaus_images/gaus_rust_3652.png,0,0,0,0,1,0
gaus_images/gaus_rust_7709.png,0,0,0,0,1,0
gaus_images/gaus_rust_10281.png,0,0,0,1,1,0
gaus_images/gaus_rust_11326.png,0,0,0,0,1,0
gaus_images/gaus_rust_9454.png,0,0,0,0,1,0
gaus_images/gaus_rust_8461.png,0,0,0,0,1,0
gaus_images/gaus_rust_5077.png,0,0,0,1,1,0
gaus_images/gaus_rust_491.png,0,0,0,0,1,0
gaus_images/gaus_rust_8290.png,0,0,0,0,1,0
gaus_images/gaus_rust_9944.png,0,0,0,1,1,0
gaus_images/gaus_rust_13885.png,0,0,1,0,1,0
gaus_images/gaus_rust_9652.png,0,0,0,0,1,0
gaus_images/gaus_rust_13539.png,0,0,0,0,1,0
gaus_images/gaus_rust_5655.png,0,0,0,0,1,0
gaus_images/gaus_rust_5948.png,0,0,0,0,1,0
gaus_images/gaus_rust_11648.png,0,0,0,0,1,0
gaus_images/gaus_rust_11956.png,0,0,0,0,1,0
gaus_images/gaus_rust_2236.png,0,0,0,0,1,0
gaus_images/gaus_rust_9896.png,0,0,0,0,1,0
gaus_images/gaus_rust_9756.png,0,0,0,0,1,0
gaus_images/gaus_rust_5470.png,0,0,0,0,1,0
gaus_images/gaus_rust_10582.png,0,0,0,0,1,0
gaus_images/gaus_rust_13880.png,0,0,0,0,1,0
gaus_images/gaus_rust_7853.png,0,0,0,0,1,0
gaus_images/gaus_rust_14649.png,0,0,0,0,1,0
gaus_images/gaus_rust_487.png,0,0,0,0,1,0
gaus_images/gaus_rust_6056.png,0,0,0,0,1,0
gaus_images/gaus_rust_4889.png,0,0,0,0,1,0
gaus_images/gaus_rust_7752.png,0,0,0,0,1,0
gaus_images/gaus_rust_9105.png,0,0,0,0,1,0
gaus_images/gaus_rust_1019.png,0,0,0,0,1,0
gaus_images/gaus_rust_10606.png,0,0,0,0,1,0
gaus_images/gaus_rust_13562.png,0,0,0,0,1,0
gaus_images/gaus_rust_2947.png,0,0,0,0,1,0
gaus_images/gaus_rust_1175.png,0,0,0,0,1,0
gaus_images/gaus_rust_4798.png,0,0,0,0,1,0
gaus_images/gaus_rust_6915.png,0,0,0,0,1,0
gaus_images/gaus_rust_8510.png,0,0,0,0,1,0
gaus_images/gaus_rust_3012.png,0,0,0,0,1,0
gaus_images/gaus_rust_1927.png,0,0,0,0,1,0
gaus_images/gaus_rust_9585.png,0,0,0,0,1,0
gaus_images/gaus_rust_50.png,0,0,0,0,1,0
gaus_images/gaus_rust_13351.png,0,0,0,0,1,0
gaus_images/gaus_rust_3956.png,0,0,0,0,1,0
gaus_images/gaus_rust_3350.png,0,0,0,0,1,0
gaus_images/gaus_rust_3711.png,0,0,0,0,1,0
gaus_images/gaus_rust_6111.png,0,0,0,0,1,0
gaus_images/gaus_rust_1940.png,0,0,0,0,1,0
gaus_images/gaus_rust_9260.png,0,0,0,0,1,0
gaus_images/gaus_rust_916.png,0,0,0,0,1,0
gaus_images/gaus_rust_14533.png,0,0,0,0,1,0
gaus_images/gaus_rust_11742.png,0,0,0,0,1,0
gaus_images/gaus_rust_10412.png,0,0,1,0,1,0
gaus_images/gaus_rust_3252.png,0,0,0,0,1,0
gaus_images/gaus_rust_2873.png,0,0,0,0,1,0
gaus_images/gaus_rust_7900.png,0,0,0,0,1,0
gaus_images/gaus_rust_13854.png,0,0,0,0,1,0
gaus_images/gaus_rust_613.png,0,0,0,0,1,0
gaus_images/gaus_rust_10546.png,0,0,0,0,1,0
gaus_images/gaus_rust_4505.png,0,0,0,0,1,0
gaus_images/gaus_rust_6186.png,0,0,0,0,1,0
gaus_images/gaus_rust_12621.png,0,0,0,0,1,0
gaus_images/gaus_rust_4489.png,0,0,0,0,1,0
gaus_images/gaus_rust_9052.png,0,0,0,0,1,0
gaus_images/gaus_rust_5582.png,0,0,1,0,1,0
gaus_images/gaus_rust_8473.png,0,0,0,0,1,0
gaus_images/gaus_rust_9216.png,0,0,0,0,1,0
gaus_images/gaus_rust_13084.png,0,0,0,0,1,0
gaus_images/gaus_rust_2695.png,0,0,0,0,1,0
gaus_images/gaus_rust_183.png,0,0,0,0,1,0
gaus_images/gaus_rust_5281.png,0,0,0,0,1,0
gaus_images/gaus_rust_4566.png,0,0,0,0,1,0
gaus_images/gaus_rust_8646.png,0,0,0,0,1,0
gaus_images/gaus_rust_8527.png,0,0,0,0,1,0
gaus_images/gaus_rust_14740.png,0,0,0,0,1,0
gaus_images/gaus_rust_9921.png,0,0,0,0,1,0
gaus_images/gaus_rust_6448.png,0,0,0,0,1,0
gaus_images/gaus_rust_11649.png,0,0,0,0,1,0
gaus_images/gaus_rust_5297.png,0,0,1,0,1,0
gaus_images/gaus_rust_6975.png,0,0,1,0,1,0
gaus_images/gaus_rust_5637.png,0,0,0,0,1,0
gaus_images/gaus_rust_8130.png,0,0,0,0,1,0
gaus_images/gaus_rust_12277.png,0,0,1,0,1,0
gaus_images/gaus_rust_1317.png,0,0,0,0,1,0
gaus_images/gaus_rust_6969.png,0,0,0,0,1,0
gaus_images/gaus_rust_7741.png,0,0,0,0,1,0
gaus_images/gaus_rust_14719.png,0,0,0,0,1,0
gaus_images/gaus_rust_14596.png,0,0,0,0,1,0
gaus_images/gaus_rust_14218.png,0,0,0,0,1,0
gaus_images/gaus_rust_6906.png,0,0,0,0,1,0
gaus_images/gaus_rust_12346.png,0,0,0,0,1,0
gaus_images/gaus_rust_2841.png,0,0,0,0,1,0
gaus_images/gaus_rust_3196.png,0,0,0,0,1,0
gaus_images/gaus_rust_3225.png,0,0,0,0,1,0
gaus_images/gaus_rust_14765.png,0,0,0,0,1,0
gaus_images/gaus_rust_414.png,0,0,0,0,1,0
gaus_images/gaus_rust_8521.png,0,0,0,0,1,0
gaus_images/gaus_rust_11274.png,0,0,0,0,1,0
gaus_images/gaus_rust_12122.png,0,0,0,0,1,0
gaus_images/gaus_rust_7679.png,0,0,0,0,1,0
gaus_images/gaus_rust_9570.png,0,0,1,0,1,0
gaus_images/gaus_rust_11379.png,0,0,0,0,1,0
gaus_images/gaus_rust_441.png,0,0,0,0,1,0
gaus_images/gaus_rust_14343.png,0,0,0,0,1,0
gaus_images/gaus_rust_12493.png,0,0,0,0,1,0
gaus_images/gaus_rust_1183.png,0,0,0,0,1,0
gaus_images/gaus_rust_7820.png,0,0,1,0,1,0
gaus_images/gaus_rust_873.png,0,0,0,0,1,0
gaus_images/gaus_rust_8440.png,0,0,0,0,1,0
gaus_images/gaus_rust_5104.png,0,0,0,0,1,0
gaus_images/gaus_rust_626.png,0,0,0,0,1,0
gaus_images/gaus_rust_9287.png,0,0,0,0,1,0
gaus_images/gaus_rust_7989.png,0,0,0,0,1,0
gaus_images/gaus_rust_7903.png,0,0,0,0,1,0
gaus_images/gaus_rust_9654.png,0,0,0,0,1,0
gaus_images/gaus_rust_4524.png,0,0,0,0,1,0
gaus_images/gaus_rust_6662.png,0,0,0,0,1,0
gaus_images/gaus_rust_6283.png,0,0,0,0,1,0
gaus_images/gaus_rust_13102.png,0,0,0,0,1,0
gaus_images/gaus_rust_2030.png,0,0,0,0,1,0
gaus_images/gaus_rust_13151.png,0,0,0,0,1,0
gaus_images/gaus_rust_13456.png,0,0,0,0,1,0
gaus_images/gaus_rust_11774.png,0,0,0,0,1,0
gaus_images/gaus_rust_1679.png,0,0,0,0,1,0
gaus_images/gaus_rust_12141.png,0,0,0,0,1,0
gaus_images/gaus_rust_6954.png,0,0,0,0,1,0
gaus_images/gaus_rust_6506.png,0,0,0,0,1,0
gaus_images/gaus_rust_8400.png,0,0,0,0,1,0
gaus_images/gaus_rust_7439.png,0,0,0,0,1,0
gaus_images/gaus_rust_4815.png,0,0,0,0,1,0
gaus_images/gaus_rust_6192.png,0,0,0,0,1,0
gaus_images/gaus_rust_10801.png,0,0,0,0,1,0
gaus_images/gaus_rust_13794.png,0,0,0,0,1,0
gaus_images/gaus_rust_14145.png,0,0,0,0,1,0
gaus_images/gaus_rust_9583.png,0,0,0,0,1,0
gaus_images/gaus_rust_2268.png,0,0,0,0,1,0
gaus_images/gaus_rust_5102.png,0,0,0,0,1,0
gaus_images/gaus_rust_13873.png,0,0,0,0,1,0
gaus_images/gaus_rust_7223.png,0,0,0,0,1,0
gaus_images/gaus_rust_5340.png,0,0,0,0,1,0
gaus_images/gaus_rust_10797.png,0,0,0,0,1,0
gaus_images/gaus_rust_8886.png,0,0,0,0,1,0
gaus_images/gaus_rust_2739.png,0,0,0,0,1,0
gaus_images/gaus_rust_6352.png,0,0,0,1,1,0
gaus_images/gaus_rust_8984.png,0,0,0,0,1,0
gaus_images/gaus_rust_4814.png,0,0,0,0,1,0
gaus_images/gaus_rust_3615.png,0,0,0,0,1,0
gaus_images/gaus_rust_273.png,0,0,0,0,1,0
gaus_images/gaus_rust_4493.png,0,0,0,0,1,0
gaus_images/gaus_rust_5663.png,0,0,1,0,1,0
gaus_images/gaus_rust_13532.png,0,0,0,0,1,0
gaus_images/gaus_rust_10960.png,0,0,0,0,1,0
gaus_images/gaus_rust_1892.png,0,0,0,0,1,0
gaus_images/gaus_rust_6627.png,0,0,0,0,1,0
gaus_images/gaus_rust_4207.png,0,0,1,0,1,0
gaus_images/gaus_rust_8918.png,0,0,0,0,1,0
gaus_images/gaus_rust_10670.png,0,0,0,0,1,0
gaus_images/gaus_rust_14878.png,0,0,0,0,1,0
gaus_images/gaus_rust_5448.png,0,0,0,0,1,0
gaus_images/gaus_rust_13558.png,0,0,0,0,1,0
gaus_images/gaus_rust_4755.png,0,0,0,0,1,0
gaus_images/gaus_rust_11024.png,0,0,0,0,1,0
gaus_images/gaus_rust_7400.png,0,0,0,0,1,0
gaus_images/gaus_rust_984.png,0,0,0,0,1,0
gaus_images/gaus_rust_5830.png,0,0,0,0,1,0
gaus_images/gaus_rust_10967.png,0,0,0,0,1,0
gaus_images/gaus_rust_4046.png,0,0,0,0,1,0
gaus_images/gaus_rust_6817.png,0,0,0,0,1,0
gaus_images/gaus_rust_1348.png,0,0,0,0,1,0
gaus_images/gaus_rust_10486.png,0,0,0,0,1,0
gaus_images/gaus_rust_776.png,0,0,0,0,1,0
gaus_images/gaus_rust_7162.png,0,0,0,0,1,0
gaus_images/gaus_rust_5785.png,0,0,1,0,1,0
gaus_images/gaus_rust_13318.png,0,0,0,0,1,0
gaus_images/gaus_rust_10484.png,0,0,0,0,1,0
gaus_images/gaus_rust_13876.png,0,0,0,0,1,0
gaus_images/gaus_rust_6687.png,0,0,0,0,1,0
gaus_images/gaus_rust_87.png,0,0,0,0,1,0
gaus_images/gaus_rust_2072.png,0,0,0,0,1,0
gaus_images/gaus_rust_1344.png,0,0,0,0,1,0
gaus_images/gaus_rust_5231.png,0,0,0,0,1,0
gaus_images/gaus_rust_3018.png,0,0,0,0,1,0
gaus_images/gaus_rust_13962.png,0,0,0,0,1,0
gaus_images/gaus_rust_11458.png,0,0,0,0,1,0
gaus_images/gaus_rust_12595.png,0,0,0,0,1,0
gaus_images/gaus_rust_6493.png,0,0,0,0,1,0
gaus_images/gaus_rust_13799.png,0,0,0,0,1,0
gaus_images/gaus_rust_413.png,0,0,1,0,1,0
gaus_images/gaus_rust_12705.png,0,0,0,0,1,0
gaus_images/gaus_rust_10826.png,0,0,0,1,1,0
gaus_images/gaus_rust_9682.png,0,0,0,0,1,0
gaus_images/gaus_rust_7561.png,0,0,0,0,1,0
gaus_images/gaus_rust_4859.png,0,0,0,0,1,0
gaus_images/gaus_rust_6322.png,0,0,0,0,1,0
gaus_images/gaus_rust_78.png,0,0,0,0,1,0
gaus_images/gaus_rust_12396.png,0,0,0,0,1,0
gaus_images/gaus_rust_12411.png,0,0,0,0,1,0
gaus_images/gaus_rust_3809.png,0,0,0,0,1,0
gaus_images/gaus_rust_4648.png,0,0,0,0,1,0
gaus_images/gaus_rust_8261.png,0,0,0,0,1,0
gaus_images/gaus_rust_10508.png,0,0,0,0,1,0
